"Genus","code","Geographic_region","Time.since.introduction","Cost.USD","Management.delay"
"Acacia","ESP","Europe","7","5786.78113149179","-13"
"Acacia","ESP","Europe","10","6305.15126251765","-13"
"Acacia","ESP","Europe","2","2681.98886794912","-13"
"Acacia","ESP","Europe","6","10986.7634267419","-13"
"Acacia","ESP","Europe","9","5782.52163162354","-13"
"Acacia","ESP","Europe","3","3308.39809579217","-13"
"Acacia","ESP","Europe","5","9909.65418875285","-13"
"Acacia","ESP","Europe","4","15678.7256284028","-13"
"Acacia","ESP","Europe","8","3095.16754372856","-13"
"Acacia","ESP","Europe","1","2651.76841689245","-13"
"Acacia","ESP","Europe","0","5572.5339949904","-13"
"Acacia","ZAF","Africa","166","1056027.6832908","160"
"Acacia","ZAF","Africa","168","1056027.6832908","160"
"Acacia","ZAF","Africa","164","1056027.6832908","160"
"Acacia","ZAF","Africa","167","1056027.6832908","160"
"Acacia","ZAF","Africa","160","1056027.6832908","160"
"Acacia","ZAF","Africa","171","1056027.6832908","160"
"Acacia","ZAF","Africa","169","1056027.6832908","160"
"Acacia","ZAF","Africa","172","1056027.6832908","160"
"Acacia","ZAF","Africa","170","1056027.6832908","160"
"Acacia","ZAF","Africa","161","1056027.6832908","160"
"Acacia","ZAF","Africa","162","1056027.6832908","160"
"Acacia","ZAF","Africa","165","1056027.6832908","160"
"Acacia","ZAF","Africa","174","485095.490609348","160"
"Acacia","ZAF","Africa","163","1056027.6832908","160"
"Acacia","ZAF","Africa","173","1056027.6832908","160"
"Acacia","ESP","Europe","0","18612.7178999575","-23"
"Acacia","ZAF","Africa","139","780602.118614475","137"
"Acacia","ZAF","Africa","140","780602.118614475","137"
"Acacia","ZAF","Africa","149","780602.118614475","137"
"Acacia","ZAF","Africa","147","780602.118614475","137"
"Acacia","ZAF","Africa","138","780602.118614475","137"
"Acacia","ZAF","Africa","141","780602.118614475","137"
"Acacia","ZAF","Africa","142","780602.118614475","137"
"Acacia","ZAF","Africa","150","780602.118614475","137"
"Acacia","ZAF","Africa","148","780602.118614475","137"
"Acacia","ZAF","Africa","143","780602.118614475","137"
"Acacia","ZAF","Africa","144","780602.118614475","137"
"Acacia","ZAF","Africa","146","780602.118614475","137"
"Acacia","ZAF","Africa","137","780602.118614475","137"
"Acacia","ZAF","Africa","145","780602.118614475","137"
"Acacia","ZAF","Africa","181","108278.668726964","168"
"Acacia","ZAF","Africa","174","108278.668726964","168"
"Acacia","ZAF","Africa","177","108278.668726964","168"
"Acacia","ZAF","Africa","175","108278.668726964","168"
"Acacia","ZAF","Africa","178","108278.668726964","168"
"Acacia","ZAF","Africa","176","108278.668726964","168"
"Acacia","ZAF","Africa","182","108278.668726964","168"
"Acacia","ZAF","Africa","185","108278.668726964","168"
"Acacia","ZAF","Africa","179","108278.668726964","168"
"Acacia","ZAF","Africa","184","108278.668726964","168"
"Acacia","ZAF","Africa","186","114493.153541753","168"
"Acacia","ZAF","Africa","180","108278.668726964","168"
"Acacia","ZAF","Africa","183","108278.668726964","168"
"Acacia","ZAF","Africa","187","108278.668726964","168"
"Acacia","FRA","South America","33","39999.4404113088","32"
"Acacia","FRA","South America","32","22880.8110133842","32"
"Acacia","ZAF","Africa","155","3609.74776563212","137"
"Acacia","ZAF","Africa","141","7398034.35374238","137"
"Acacia","ZAF","Africa","147","7398034.35374238","137"
"Acacia","ZAF","Africa","143","7398034.35374238","137"
"Acacia","ZAF","Africa","144","7398034.35374238","137"
"Acacia","ZAF","Africa","138","7398034.35374238","137"
"Acacia","ZAF","Africa","148","7398034.35374238","137"
"Acacia","ZAF","Africa","142","7398034.35374238","137"
"Acacia","ZAF","Africa","151","1866882.6456784","137"
"Acacia","ZAF","Africa","137","7398034.35374238","137"
"Acacia","ZAF","Africa","150","7398034.35374238","137"
"Acacia","ZAF","Africa","149","7398034.35374238","137"
"Acacia","ZAF","Africa","146","7398034.35374238","137"
"Acacia","ZAF","Africa","139","7398034.35374238","137"
"Acacia","ZAF","Africa","145","7398034.35374238","137"
"Acacia","ZAF","Africa","140","7398034.35374238","137"
"Acacia","ESP","Europe","3","234.996188080885","-17"
"Acacia","ESP","Europe","5","144.599190588236","-17"
"Acacia","ESP","Europe","0","670.691286679717","-17"
"Acacia","ESP","Europe","2","1690.27129642183","-17"
"Acacia","ESP","Europe","4","289.403229895144","-17"
"Acacia","ESP","Europe","1","447.186560864298","-17"
"Acacia","ZAF","Africa","156","366577.842335473","147"
"Acacia","ZAF","Africa","152","366577.842335473","147"
"Acacia","ZAF","Africa","147","366577.842335473","147"
"Acacia","ZAF","Africa","149","366577.842335473","147"
"Acacia","ZAF","Africa","161","90955.4044892528","147"
"Acacia","ZAF","Africa","153","366577.842335473","147"
"Acacia","ZAF","Africa","148","366577.842335473","147"
"Acacia","ZAF","Africa","150","366577.842335473","147"
"Acacia","ZAF","Africa","151","366577.842335473","147"
"Acacia","ZAF","Africa","154","366577.842335473","147"
"Acacia","ZAF","Africa","160","366577.842335473","147"
"Acacia","ZAF","Africa","155","366577.842335473","147"
"Acacia","ZAF","Africa","159","366577.842335473","147"
"Acacia","ZAF","Africa","157","366577.842335473","147"
"Acacia","ZAF","Africa","158","366577.842335473","147"
"Acacia","ESP","Europe","0","2641.04890065911","-19"
"Acacia","ZAF","Africa","170","1731040.15845419","162"
"Acacia","ZAF","Africa","180","1555.79169864712","162"
"Acacia","ZAF","Africa","171","1731040.15845419","162"
"Acacia","ZAF","Africa","172","1731040.15845419","162"
"Acacia","ZAF","Africa","165","1731040.15845419","162"
"Acacia","ZAF","Africa","176","860860.747539696","162"
"Acacia","ZAF","Africa","167","1731040.15845419","162"
"Acacia","ZAF","Africa","166","1731040.15845419","162"
"Acacia","ZAF","Africa","174","1731040.15845419","162"
"Acacia","ZAF","Africa","164","1731040.15845419","162"
"Acacia","ZAF","Africa","175","1731040.15845419","162"
"Acacia","ZAF","Africa","163","1731040.15845419","162"
"Acacia","ZAF","Africa","169","1731040.15845419","162"
"Acacia","ZAF","Africa","162","1731040.15845419","162"
"Acacia","ZAF","Africa","173","1731040.15845419","162"
"Acacia","ZAF","Africa","168","1731040.15845419","162"
"Aedes","ARG","South America","27","491024.725941941","15"
"Aedes","ARG","South America","36","13204875","15"
"Aedes","BLZ","Central America","0","144771.49185169","-18"
"Aedes","BOL","South America","0","402143.032921362","-18"
"Aedes","BRA","South America","21","479050968.696259","-12"
"Aedes","BRA","South America","17","397314189.129973","-12"
"Aedes","BRA","South America","20","48747441.0757196","-12"
"Aedes","BRA","South America","19","48747441.0757196","-12"
"Aedes","COL","South America","11","249796.972154651","-30"
"Aedes","COL","South America","3","265749.741435762","-30"
"Aedes","COL","South America","1","265749.741435762","-30"
"Aedes","COL","South America","9","249796.972154651","-30"
"Aedes","COL","South America","0","265749.741435762","-30"
"Aedes","COL","South America","6","122163528.945074","-30"
"Aedes","COL","South America","4","265749.741435762","-30"
"Aedes","COL","South America","2","265749.741435762","-30"
"Aedes","CUB","Central America","21","15654780.3818986","-4"
"Aedes","CUB","Central America","0","115921276.693246","-4"
"Aedes","ECU","South America","21","95000","-18"
"Aedes","ECU","South America","22","95000","-18"
"Aedes","ECU","South America","20","95000","-18"
"Aedes","ECU","South America","19","95000","-18"
"Aedes","ECU","South America","0","1664040.52450236","-18"
"Aedes","ECU","South America","18","95000","-18"
"Aedes","FRA","Oceania/Pacific Islands","13","3742077.98137494","-23"
"Aedes","IND","Asia","5","9931303.76900318","-26"
"Aedes","IND","Asia","4","9931303.76900318","-26"
"Aedes","IND","Asia","1","9931303.76900318","-26"
"Aedes","IND","Asia","3","9931303.76900318","-26"
"Aedes","IND","Asia","2","9931303.76900318","-26"
"Aedes","IND","Asia","0","9931303.76900318","-26"
"Aedes","MEX","North America","4","6085447.05924632","-31"
"Aedes","MEX","North America","0","148123.144829175","-31"
"Aedes","MEX","North America","5","290725398.45501","-31"
"Aedes","MYS","Asia","1","17442839.0085708","-24"
"Aedes","MYS","Asia","12","88911676.3280793","-24"
"Aedes","NIC","Central America","0","804286.065842724","-18"
"Aedes","PER","South America","0","1930286.55802254","-18"
"Aedes","PRY","South America","0","297585.844361808","-18"
"Aedes","THA","Asia","6","34516288.9622297","-4"
"Aedes","THA","Asia","26","94575.7601455567","-4"
"Aedes","THA","Asia","0","892335.423197497","-4"
"Aedes","THA","Asia","21","49730872.9505411","-4"
"Aedes","THA","Asia","22","49730872.9505411","-4"
"Aedes","THA","Asia","32","61028132.8642438","-4"
"Aedes","THA","Asia","23","49730872.9505411","-4"
"Aedes","THA","Asia","24","49730872.9505411","-4"
"Aedes","THA","Asia","13","8057484.62022829","-4"
"Aedes","THA","Asia","20","49730872.9505411","-4"
"Aedes","USA","Central America","26","9106903.28229997","0"
"Aedes","USA","Central America","40","195499848.456182","0"
"Aedes","USA","Central America","0","4912637.28103949","0"
"Aedes","USA","Central America","30","9106903.28229997","0"
"Aedes","USA","Central America","25","9106903.28229997","0"
"Aedes","USA","Central America","28","9106903.28229997","0"
"Aedes","USA","Central America","27","9106903.28229997","0"
"Aedes","USA","Central America","29","9106903.28229997","0"
"Aedes","VNM","Asia","2","12692.0670115337","-21"
"Aedes","VNM","Asia","1","12692.0670115337","-21"
"Aedes","VNM","Asia","0","12692.0670115337","-21"
"Aedes","ESP","Europe","14","24496.9255222655","11"
"Aedes","ESP","Europe","11","575018.88773598","11"
"Aedes","ESP","Europe","12","24022.7290440305","11"
"Aedes","ESP","Europe","13","24005.725","11"
"Aedes","FRA","Africa","14","29946805.2652384","10"
"Aedes","ITA","Europe","19","16350285.0676558","18"
"Aedes","ITA","Europe","18","20285490.3142666","18"
"Aedes","ITA","Europe","21","14928380.6848657","18"
"Aedes","ITA","Europe","28","1152796.49516544","18"
"Aedes","ITA","Europe","20","15221084.3514616","18"
"Aedes","USA","North America","8","305524.339903352","-24"
"Aedes","USA","North America","7","2971456.96171667","-24"
"Aedes","USA","North America","9","305524.339903352","-24"
"Aedes","USA","North America","10","305524.339903352","-24"
"Aedes","USA","North America","0","1622785.33978915","-24"
"Agave","ESP","Europe","4","18441.9737700437","-12"
"Agave","ESP","Europe","6","17618.5867640529","-12"
"Agave","ESP","Europe","0","4691.59027604049","-12"
"Agave","ESP","Europe","3","7625.16297918851","-12"
"Agave","ESP","Europe","9","6712.5034320493","-12"
"Agave","ESP","Europe","2","13957.7898536678","-12"
"Agave","ESP","Europe","8","5646.5983924706","-12"
"Agave","ESP","Europe","5","8986.60905930941","-12"
"Agave","ESP","Europe","7","2558.32455227307","-12"
"Agave","ESP","Europe","1","5668.34818308325","-12"
"Agave","FRA","Europe","412","11376.2588571199","412"
"Agave","ZAF","Africa","143","2846.66572266036","139"
"Agave","ZAF","Africa","142","2846.66572266036","139"
"Agave","ZAF","Africa","144","2846.66572266036","139"
"Agave","ZAF","Africa","139","2846.66572266036","139"
"Agave","ZAF","Africa","155","2846.66572266036","139"
"Agave","ZAF","Africa","149","2846.66572266036","139"
"Agave","ZAF","Africa","140","2846.66572266036","139"
"Agave","ZAF","Africa","156","2846.66572266036","139"
"Agave","ZAF","Africa","146","2846.66572266036","139"
"Agave","ZAF","Africa","147","2846.66572266036","139"
"Agave","ZAF","Africa","152","2846.66572266036","139"
"Agave","ZAF","Africa","151","2846.66572266036","139"
"Agave","ZAF","Africa","158","2846.66572266036","139"
"Agave","ZAF","Africa","153","2846.66572266036","139"
"Agave","ZAF","Africa","141","2846.66572266036","139"
"Agave","ZAF","Africa","148","2846.66572266036","139"
"Agave","ZAF","Africa","145","2846.66572266036","139"
"Agave","ZAF","Africa","157","2846.66572266036","139"
"Agave","ZAF","Africa","150","2846.66572266036","139"
"Agave","ZAF","Africa","154","2846.66572266036","139"
"Agave","ESP","Europe","77","173.519028705883","59"
"Agave","ESP","Europe","75","176.247141060664","59"
"Agave","ESP","Europe","73","71.5498497382877","59"
"Agave","ESP","Europe","76","1041.85162762252","59"
"Agave","ZAF","Africa","75","28188.933741466","68"
"Agave","ZAF","Africa","76","28188.933741466","68"
"Agave","ZAF","Africa","69","28188.933741466","68"
"Agave","ZAF","Africa","68","28188.933741466","68"
"Agave","ZAF","Africa","85","28188.933741466","68"
"Agave","ZAF","Africa","84","28188.933741466","68"
"Agave","ZAF","Africa","70","28188.933741466","68"
"Agave","ZAF","Africa","78","28188.933741466","68"
"Agave","ZAF","Africa","74","28188.933741466","68"
"Agave","ZAF","Africa","82","28188.933741466","68"
"Agave","ZAF","Africa","83","28188.933741466","68"
"Agave","ZAF","Africa","72","28188.933741466","68"
"Agave","ZAF","Africa","79","28188.933741466","68"
"Agave","ZAF","Africa","73","28188.933741466","68"
"Agave","ZAF","Africa","86","28188.933741466","68"
"Agave","ZAF","Africa","77","28188.933741466","68"
"Agave","ZAF","Africa","80","28188.933741466","68"
"Agave","ZAF","Africa","87","28188.933741466","68"
"Agave","ZAF","Africa","81","28188.933741466","68"
"Agave","ZAF","Africa","71","28188.933741466","68"
"Anoplophora","ITA","Europe","11","724301.100944472","6"
"Anoplophora","ITA","Europe","12","248134.359431316","6"
"Anoplophora","ITA","Europe","7","248134.359431316","6"
"Anoplophora","ITA","Europe","8","248134.359431316","6"
"Anoplophora","ITA","Europe","9","248134.359431316","6"
"Anoplophora","ITA","Europe","13","248134.359431316","6"
"Anoplophora","ITA","Europe","14","248134.359431316","6"
"Anoplophora","ITA","Europe","6","248134.359431316","6"
"Anoplophora","ITA","Europe","10","248134.359431316","6"
"Anoplophora","NLD","Europe","5","930503.847867436","5"
"Anoplophora","AUT","Europe","6","86350.7570820981","0"
"Anoplophora","AUT","Europe","0","86350.7570820981","0"
"Anoplophora","AUT","Europe","1","86350.7570820981","0"
"Anoplophora","AUT","Europe","5","86350.7570820981","0"
"Anoplophora","AUT","Europe","3","86350.7570820981","0"
"Anoplophora","AUT","Europe","2","86350.7570820981","0"
"Anoplophora","AUT","Europe","7","86350.7570820981","0"
"Anoplophora","AUT","Europe","4","86350.7570820981","0"
"Anoplophora","CAN","North America","3","42738740.5873507","0"
"Anoplophora","CAN","North America","2","42738740.5873507","0"
"Anoplophora","CAN","North America","4","42738740.5873507","0"
"Anoplophora","CAN","North America","0","42738740.5873507","0"
"Anoplophora","CAN","North America","1","42738740.5873507","0"
"Anoplophora","CAN","North America","5","42738740.5873507","0"
"Anoplophora","DEU","Europe","8","193544.800356427","5"
"Anoplophora","DEU","Europe","5","193544.800356427","5"
"Anoplophora","DEU","Europe","7","193544.800356427","5"
"Anoplophora","DEU","Europe","9","193544.800356427","5"
"Anoplophora","DEU","Europe","6","193544.800356427","5"
"Anoplophora","FRA","Europe","0","136473.897687224","0"
"Anoplophora","FRA","Europe","1","136473.897687224","0"
"Anoplophora","FRA","Europe","3","136473.897687224","0"
"Anoplophora","FRA","Europe","2","136473.897687224","0"
"Anoplophora","FRA","Europe","4","136473.897687224","0"
"Anoplophora","FRA","Europe","5","136473.897687224","0"
"Anoplophora","USA","North America","9","122876311.443944","0"
"Anoplophora","USA","North America","2","126846608.536023","0"
"Anoplophora","USA","North America","7","127873086.642132","0"
"Anoplophora","USA","North America","4","126846608.536023","0"
"Anoplophora","USA","North America","0","41966688.1637711","0"
"Anoplophora","USA","North America","10","122876311.443944","0"
"Anoplophora","USA","North America","3","126846608.536023","0"
"Anoplophora","USA","North America","8","122876311.443944","0"
"Anoplophora","USA","North America","12","38699576.4587805","0"
"Anoplophora","USA","North America","5","126846608.536023","0"
"Anoplophora","USA","North America","6","127873086.642132","0"
"Anoplophora","USA","North America","11","38699576.4587805","0"
"Anoplophora","USA","North America","1","126143423.148935","0"
"Arundo","ESP","Europe","5","42722.9356327262","-14"
"Arundo","ESP","Europe","2","6974.0410563882","-14"
"Arundo","ESP","Europe","9","158330.419621759","-14"
"Arundo","ESP","Europe","1","2635.25435353606","-14"
"Arundo","ESP","Europe","6","138086.748676345","-14"
"Arundo","ESP","Europe","4","33073.9180415235","-14"
"Arundo","ESP","Europe","7","149086.758312455","-14"
"Arundo","ESP","Europe","8","145731.474954875","-14"
"Arundo","ESP","Europe","3","9793.49737460592","-14"
"Arundo","ESP","Europe","0","9791.14492391059","-14"
"Arundo","ZAF","Africa","263","4513.00663348593","245"
"Arundo","ZAF","Africa","266","4513.00663348593","245"
"Arundo","ZAF","Africa","253","137599.269479232","245"
"Arundo","ZAF","Africa","259","56881.2698242678","245"
"Arundo","ZAF","Africa","260","4513.00663348593","245"
"Arundo","ZAF","Africa","265","4513.00663348593","245"
"Arundo","ZAF","Africa","254","137599.269479232","245"
"Arundo","ZAF","Africa","264","4513.00663348593","245"
"Arundo","ZAF","Africa","250","137599.269479232","245"
"Arundo","ZAF","Africa","257","137599.269479232","245"
"Arundo","ZAF","Africa","262","4513.00663348593","245"
"Arundo","ZAF","Africa","255","137599.269479232","245"
"Arundo","ZAF","Africa","261","4513.00663348593","245"
"Arundo","ZAF","Africa","247","137599.269479232","245"
"Arundo","ZAF","Africa","246","133086.262845747","245"
"Arundo","ZAF","Africa","248","137599.269479232","245"
"Arundo","ZAF","Africa","256","137599.269479232","245"
"Arundo","ZAF","Africa","249","137599.269479232","245"
"Arundo","ZAF","Africa","251","137599.269479232","245"
"Arundo","ZAF","Africa","258","137599.269479232","245"
"Arundo","ZAF","Africa","245","133086.262845747","245"
"Arundo","ZAF","Africa","252","137599.269479232","245"
"Bactrocera","JPN","Asia","74","15929348.9518827","49"
"Bactrocera","JPN","Asia","71","15929348.9518827","49"
"Bactrocera","JPN","Asia","67","19996018.0372457","49"
"Bactrocera","JPN","Asia","60","4066669.085363","49"
"Bactrocera","JPN","Asia","64","19996018.0372457","49"
"Bactrocera","JPN","Asia","69","19996018.0372457","49"
"Bactrocera","JPN","Asia","73","15929348.9518827","49"
"Bactrocera","JPN","Asia","66","19996018.0372457","49"
"Bactrocera","JPN","Asia","65","19996018.0372457","49"
"Bactrocera","JPN","Asia","61","19996018.0372457","49"
"Bactrocera","JPN","Asia","68","19996018.0372457","49"
"Bactrocera","JPN","Asia","62","19996018.0372457","49"
"Bactrocera","JPN","Asia","72","15929348.9518827","49"
"Bactrocera","JPN","Asia","63","19996018.0372457","49"
"Bactrocera","JPN","Asia","70","19996018.0372457","49"
"Bactrocera","JPN","Asia","63","5089895.50038982","49"
"Bactrocera","JPN","Asia","55","958644.077194753","49"
"Bactrocera","JPN","Asia","52","958644.077194753","49"
"Bactrocera","JPN","Asia","49","958644.077194753","49"
"Bactrocera","JPN","Asia","60","6048539.57758458","49"
"Bactrocera","JPN","Asia","59","6048539.57758458","49"
"Bactrocera","JPN","Asia","56","2664021.43557279","49"
"Bactrocera","JPN","Asia","54","958644.077194753","49"
"Bactrocera","JPN","Asia","51","958644.077194753","49"
"Bactrocera","JPN","Asia","64","5089895.50038982","49"
"Bactrocera","JPN","Asia","50","958644.077194753","49"
"Bactrocera","JPN","Asia","53","958644.077194753","49"
"Bactrocera","JPN","Asia","66","5089895.50038982","49"
"Bactrocera","JPN","Asia","58","6048539.57758458","49"
"Bactrocera","JPN","Asia","65","5089895.50038982","49"
"Bactrocera","JPN","Asia","61","6048539.57758458","49"
"Bactrocera","JPN","Asia","67","3384518.14201179","49"
"Bactrocera","JPN","Asia","62","5089895.50038982","49"
"Bactrocera","JPN","Asia","57","2664021.43557279","49"
"Cenchrus","ESP","Europe","2","715.498497382877","-14"
"Cenchrus","ESP","Europe","5","57.8806459790288","-14"
"Cenchrus","ESP","Europe","1","3564.14479570635","-14"
"Cenchrus","ESP","Europe","4","293.745235101106","-14"
"Cenchrus","ESP","Europe","3","281.711882736972","-14"
"Cenchrus","ESP","Europe","0","741.671404103645","-14"
"Cenchrus","ESP","Africa","8","6867.60122087359","8"
"Cenchrus","ESP","Europe","24","11161.7765591729","8"
"Cenchrus","ESP","Africa","18","6867.60122087359","8"
"Cenchrus","ESP","Africa","10","6867.60122087359","8"
"Cenchrus","ESP","Europe","16","898695.095088994","8"
"Cenchrus","ESP","Europe","17","898695.095088994","8"
"Cenchrus","ESP","Europe","22","1300.8372794488","8"
"Cenchrus","ESP","Africa","25","6867.60122087359","8"
"Cenchrus","ESP","Africa","30","6867.60122087359","8"
"Cenchrus","ESP","Europe","26","11177.0061955971","8"
"Cenchrus","ESP","Europe","25","16606.9154873445","8"
"Cenchrus","ESP","Africa","28","6867.60122087359","8"
"Cenchrus","ESP","Africa","22","6867.60122087359","8"
"Cenchrus","ESP","Europe","12","898695.095088994","8"
"Cenchrus","ESP","Africa","24","6867.60122087359","8"
"Cenchrus","ESP","Africa","13","6867.60122087359","8"
"Cenchrus","ESP","Africa","9","6867.60122087359","8"
"Cenchrus","ESP","Europe","29","4697.31140681556","8"
"Cenchrus","ESP","Africa","26","6867.60122087359","8"
"Cenchrus","ESP","Europe","23","2184.13602259049","8"
"Cenchrus","ESP","Africa","16","6867.60122087359","8"
"Cenchrus","ESP","Europe","15","898695.095088994","8"
"Cenchrus","ESP","Africa","19","6867.60122087359","8"
"Cenchrus","ESP","Africa","21","6867.60122087359","8"
"Cenchrus","ESP","Europe","27","4440.89256274098","8"
"Cenchrus","ESP","Europe","18","898695.095088994","8"
"Cenchrus","ESP","Europe","19","898695.095088994","8"
"Cenchrus","ESP","Africa","29","6867.60122087359","8"
"Cenchrus","ESP","Europe","28","2834.14413552942","8"
"Cenchrus","ESP","Africa","23","6867.60122087359","8"
"Cenchrus","ESP","Europe","13","898695.095088994","8"
"Cenchrus","ESP","Africa","17","6867.60122087359","8"
"Cenchrus","ESP","Africa","12","6867.60122087359","8"
"Cenchrus","ESP","Africa","11","6867.60122087359","8"
"Cenchrus","ESP","Europe","11","898695.095088994","8"
"Cenchrus","ESP","Europe","21","9968.75805398442","8"
"Cenchrus","ESP","Europe","20","898695.095088994","8"
"Cenchrus","ESP","Africa","14","6867.60122087359","8"
"Cenchrus","ESP","Africa","20","6867.60122087359","8"
"Cenchrus","ESP","Africa","27","28392.610818704","8"
"Cenchrus","ESP","Europe","10","898695.095088994","8"
"Cenchrus","ESP","Africa","15","6867.60122087359","8"
"Cenchrus","ESP","Europe","14","898695.095088994","8"
"Cylindropuntia","ESP","Europe","48","1268.99838187811","39"
"Cylindropuntia","ESP","Europe","46","803.093962959024","39"
"Cylindropuntia","ESP","Europe","47","1879.78947764706","39"
"Cylindropuntia","ESP","Europe","45","1644.97331656619","39"
"Cylindropuntia","ESP","Europe","44","2553.01393730381","39"
"Cylindropuntia","ESP","Europe","43","15830.4042545962","39"
"Cylindropuntia","ZAF","Africa","90","69.4308712843989","84"
"Cylindropuntia","ZAF","Africa","91","69.4308712843989","84"
"Cylindropuntia","ZAF","Africa","87","69.4308712843989","84"
"Cylindropuntia","ZAF","Africa","103","69.4308712843989","84"
"Cylindropuntia","ZAF","Africa","96","69.4308712843989","84"
"Cylindropuntia","ZAF","Africa","102","69.4308712843989","84"
"Cylindropuntia","ZAF","Africa","89","69.4308712843989","84"
"Cylindropuntia","ZAF","Africa","88","69.4308712843989","84"
"Cylindropuntia","ZAF","Africa","101","69.4308712843989","84"
"Cylindropuntia","ZAF","Africa","95","69.4308712843989","84"
"Cylindropuntia","ZAF","Africa","94","69.4308712843989","84"
"Cylindropuntia","ZAF","Africa","85","69.4308712843989","84"
"Cylindropuntia","ZAF","Africa","84","69.4308712843989","84"
"Cylindropuntia","ZAF","Africa","93","69.4308712843989","84"
"Cylindropuntia","ZAF","Africa","97","69.4308712843989","84"
"Cylindropuntia","ZAF","Africa","100","69.4308712843989","84"
"Cylindropuntia","ZAF","Africa","86","69.4308712843989","84"
"Cylindropuntia","ZAF","Africa","98","69.4308712843989","84"
"Cylindropuntia","ZAF","Africa","92","69.4308712843989","84"
"Cylindropuntia","ZAF","Africa","99","69.4308712843989","84"
"Cylindropuntia","ESP","Europe","7","31864.6345244118","-13"
"Cylindropuntia","ESP","Europe","1","4876.62987960821","-13"
"Cylindropuntia","ESP","Europe","5","21891.3636459099","-13"
"Cylindropuntia","ESP","Europe","4","31171.419824846","-13"
"Cylindropuntia","ESP","Europe","3","4876.62987960821","-13"
"Cylindropuntia","ESP","Europe","2","4876.62987960821","-13"
"Cylindropuntia","ESP","Europe","8","39343.3765767629","-13"
"Cylindropuntia","ESP","Europe","0","4876.62987960821","-13"
"Cylindropuntia","ESP","Europe","6","16186.3226480354","-13"
"Cylindropuntia","ESP","Europe","1","58280.8007698787","-12"
"Cylindropuntia","ESP","Europe","5","105543.920841391","-12"
"Cylindropuntia","ESP","Europe","4","1337224.20888532","-12"
"Cylindropuntia","ESP","Europe","3","19641.4225761414","-12"
"Cylindropuntia","ESP","Europe","2","40702.6160094995","-12"
"Cylindropuntia","ESP","Europe","0","27333.6129125837","-12"
"Eichhornia","BEN","Africa","0","146451.956909634","-22"
"Eichhornia","BEN","Africa","8","146451.956909634","-22"
"Eichhornia","BEN","Africa","5","146451.956909634","-22"
"Eichhornia","BEN","Africa","6","146451.956909634","-22"
"Eichhornia","BEN","Africa","2","146451.956909634","-22"
"Eichhornia","BEN","Africa","7","146451.956909634","-22"
"Eichhornia","BEN","Africa","19","146451.956909634","-22"
"Eichhornia","BEN","Africa","14","146451.956909634","-22"
"Eichhornia","BEN","Africa","17","146451.956909634","-22"
"Eichhornia","BEN","Africa","12","146451.956909634","-22"
"Eichhornia","BEN","Africa","10","146451.956909634","-22"
"Eichhornia","BEN","Africa","15","146451.956909634","-22"
"Eichhornia","BEN","Africa","1","146451.956909634","-22"
"Eichhornia","BEN","Africa","3","146451.956909634","-22"
"Eichhornia","BEN","Africa","16","146451.956909634","-22"
"Eichhornia","BEN","Africa","13","146451.956909634","-22"
"Eichhornia","BEN","Africa","11","146451.956909634","-22"
"Eichhornia","BEN","Africa","4","146451.956909634","-22"
"Eichhornia","BEN","Africa","9","146451.956909634","-22"
"Eichhornia","BEN","Africa","18","146451.956909634","-22"
"Eichhornia","BEN","Africa","20","146451.956909634","-22"
"Eichhornia","CHN","Asia","105","1.51990151295937","105"
"Eichhornia","COL","South America","0","5920.85510956784","-33"
"Eichhornia","ESP","Europe","13","970653.867634366","11"
"Eichhornia","ESP","Europe","26","1197.27550163213","11"
"Eichhornia","ESP","Europe","18","970653.867634366","11"
"Eichhornia","ESP","Europe","12","970653.867634366","11"
"Eichhornia","ESP","Europe","11","970653.867634366","11"
"Eichhornia","ESP","Europe","20","1102133.18579369","11"
"Eichhornia","ESP","Europe","25","1160.72861704339","11"
"Eichhornia","ESP","Europe","17","970653.867634366","11"
"Eichhornia","ESP","Europe","21","978648.662561347","11"
"Eichhornia","ESP","Europe","24","20147.1020790605","11"
"Eichhornia","ESP","Europe","23","11917.8294520994","11"
"Eichhornia","ESP","Europe","15","970653.867634366","11"
"Eichhornia","ESP","Europe","31","42063.4771857587","11"
"Eichhornia","ESP","Europe","16","970653.867634366","11"
"Eichhornia","ESP","Europe","19","1174426.44037554","11"
"Eichhornia","ESP","Europe","32","19838.9467823963","11"
"Eichhornia","ESP","Europe","14","970653.867634366","11"
"Eichhornia","ESP","Europe","29","115.679352470588","11"
"Eichhornia","ESP","Europe","22","41274.6087213911","11"
"Eichhornia","FRA","Central America","100","303366.90285653","100"
"Eichhornia","GHA","Africa","0","349150.923590821","-35"
"Eichhornia","MDG","Africa","0","1187.65519982111","-30"
"Eichhornia",NA,"Europe","107","24481677.7638216","77"
"Eichhornia",NA,"Europe","106","24481677.7638216","77"
"Eichhornia",NA,"Europe","108","24481677.7638216","77"
"Eichhornia",NA,"Europe","105","24481677.7638216","77"
"Eichhornia","PRT","Europe","63","196982.614926124","63"
"Eichhornia","PRT","Europe","64","207450.679440722","63"
"Eichhornia","PRT","Europe","66","32304.325586622","63"
"Eichhornia","PRT","Europe","65","122157.58905191","63"
"Eichhornia","UGA","Africa","0","1215921.2103675","-29"
"Eichhornia","ZAF","Africa","103","9186.43018725295","93"
"Eichhornia","ZAF","Africa","122","135380.726381712","93"
"Eichhornia","ZAF","Africa","94","144223.938214986","93"
"Eichhornia","ZAF","Africa","121","2358.94596750759","93"
"Eichhornia","ZAF","Africa","120","2358.94596750759","93"
"Eichhornia","ZAF","Africa","99","3774.53448506855","93"
"Eichhornia","ZAF","Africa","114","29666.6408109344","93"
"Eichhornia","ZAF","Africa","95","65702.001514973","93"
"Eichhornia","ZAF","Africa","113","37115.6631080029","93"
"Eichhornia","ZAF","Africa","117","11932.0985224","93"
"Eichhornia","ZAF","Africa","108","33022.951907981","93"
"Eichhornia","ZAF","Africa","119","2358.94596750759","93"
"Eichhornia","ZAF","Africa","104","8102.85806153058","93"
"Eichhornia","ZAF","Africa","100","3411.31703197594","93"
"Eichhornia","ZAF","Africa","128","134894.357897565","93"
"Eichhornia","ZAF","Africa","96","28428.972399994","93"
"Eichhornia","ZAF","Africa","111","47946.2665027008","93"
"Eichhornia","ZAF","Africa","98","5166.64631078","93"
"Eichhornia","ZAF","Africa","93","1387786.92143482","93"
"Eichhornia","ZAF","Africa","107","34645.5405080487","93"
"Eichhornia","ZAF","Africa","124","134894.357897565","93"
"Eichhornia","ZAF","Africa","105","7065.35556832012","93"
"Eichhornia","ZAF","Africa","112","46761.4547186243","93"
"Eichhornia","ZAF","Africa","97","11760.8835635687","93"
"Eichhornia","ZAF","Africa","118","2358.94596750759","93"
"Eichhornia","ZAF","Africa","116","17786.2813232349","93"
"Eichhornia","ZAF","Africa","126","134894.357897565","93"
"Eichhornia","ZAF","Africa","125","134894.357897565","93"
"Eichhornia","ZAF","Africa","129","132535.411930057","93"
"Eichhornia","ZAF","Africa","106","8624.71756161675","93"
"Eichhornia","ZAF","Africa","115","30293.3040072023","93"
"Eichhornia","ZAF","Africa","127","134894.357897565","93"
"Eichhornia","ZAF","Africa","110","49140.7419110787","93"
"Eichhornia","ZAF","Africa","109","47650.9826875382","93"
"Eichhornia","ZAF","Africa","102","10595.2615465195","93"
"Eichhornia","ZAF","Africa","101","8194.66027494959","93"
"Eichhornia","ZAF","Africa","123","134894.357897565","93"
"Lantana","AUS","Oceania","126","77186.9036743585","123"
"Lantana","AUS","Oceania","125","69678.8062825466","123"
"Lantana","AUS","Oceania","130","581831.766783762","123"
"Lantana","AUS","Oceania","127","212259.40699632","123"
"Lantana","AUS","Oceania","124","79301.9896469299","123"
"Lantana","AUS","Oceania","123","85042.9372867665","123"
"Lantana","AUS","Oceania","128","885470.212768231","123"
"Lantana","AUS","Oceania","129","249735.800441059","123"
"Lantana","ESP","Europe","6","2407.57652329412","-16"
"Lantana","ESP","Europe","1","869.089494519529","-16"
"Lantana","ESP","Europe","4","873.892074425791","-16"
"Lantana","ESP","Europe","2","1109.02267094346","-16"
"Lantana","ESP","Europe","7","3314.15158802121","-16"
"Lantana","ESP","Europe","0","58.2464453484538","-16"
"Lantana","ESP","Europe","5","1753.78357316457","-16"
"Lantana","ESP","Europe","3","4225.67824105458","-16"
"Lantana","IND","Asia","182","109.393502284561","182"
"Lantana","ZAF","Africa","151","1867483.34072411","137"
"Lantana","ZAF","Africa","146","3645248.06483223","137"
"Lantana","ZAF","Africa","145","121770423.51452","137"
"Lantana","ZAF","Africa","150","3645248.06483223","137"
"Lantana","ZAF","Africa","140","3645248.06483223","137"
"Lantana","ZAF","Africa","157","231204.801377048","137"
"Lantana","ZAF","Africa","148","3645248.06483223","137"
"Lantana","ZAF","Africa","158","231204.801377048","137"
"Lantana","ZAF","Africa","142","3645248.06483223","137"
"Lantana","ZAF","Africa","141","3645248.06483223","137"
"Lantana","ZAF","Africa","144","121770423.51452","137"
"Lantana","ZAF","Africa","138","3414043.26345519","137"
"Lantana","ZAF","Africa","149","3645248.06483223","137"
"Lantana","ZAF","Africa","137","3414043.26345519","137"
"Lantana","ZAF","Africa","147","3645248.06483223","137"
"Lantana","ZAF","Africa","152","231204.801377048","137"
"Lantana","ZAF","Africa","155","231204.801377048","137"
"Lantana","ZAF","Africa","156","231204.801377048","137"
"Lantana","ZAF","Africa","143","3645248.06483223","137"
"Lantana","ZAF","Africa","139","3645248.06483223","137"
"Lantana","ZAF","Africa","154","231204.801377048","137"
"Lantana","ZAF","Africa","153","231204.801377048","137"
"Lymantria","CAN","North America","87","2971317.51199058","87"
"Lymantria","USA","North America","26","2989342.41506837","21"
"Lymantria","USA","North America","123","325858.34116041","21"
"Lymantria","USA","North America","119","325858.34116041","21"
"Lymantria","USA","North America","27","2989342.41506837","21"
"Lymantria","USA","North America","31","2989342.41506837","21"
"Lymantria","USA","North America","134","325858.34116041","21"
"Lymantria","USA","North America","122","325858.34116041","21"
"Lymantria","USA","North America","140","325858.34116041","21"
"Lymantria","USA","North America","125","325858.34116041","21"
"Lymantria","USA","North America","139","8546549.98259841","21"
"Lymantria","USA","North America","120","325858.34116041","21"
"Lymantria","USA","North America","118","325858.34116041","21"
"Lymantria","USA","North America","135","325858.34116041","21"
"Lymantria","USA","North America","25","2989342.41506837","21"
"Lymantria","USA","North America","121","325858.34116041","21"
"Lymantria","USA","North America","124","18312135.2376127","21"
"Lymantria","USA","North America","113","325858.34116041","21"
"Lymantria","USA","North America","114","325858.34116041","21"
"Lymantria","USA","North America","141","2779254.36609866","21"
"Lymantria","USA","North America","23","2989342.41506837","21"
"Lymantria","USA","North America","24","2989342.41506837","21"
"Lymantria","USA","North America","116","325858.34116041","21"
"Lymantria","USA","North America","29","2989342.41506837","21"
"Lymantria","USA","North America","129","325858.34116041","21"
"Lymantria","USA","North America","128","325858.34116041","21"
"Lymantria","USA","North America","30","2989342.41506837","21"
"Lymantria","USA","North America","138","325858.34116041","21"
"Lymantria","USA","North America","115","325858.34116041","21"
"Lymantria","USA","North America","117","325858.34116041","21"
"Lymantria","USA","North America","21","2989342.41506837","21"
"Lymantria","USA","North America","28","2989342.41506837","21"
"Lymantria","USA","North America","136","14132465.9793085","21"
"Lymantria","USA","North America","131","15983903.7341144","21"
"Lymantria","USA","North America","127","325858.34116041","21"
"Lymantria","USA","North America","132","325858.34116041","21"
"Lymantria","USA","North America","22","2989342.41506837","21"
"Lymantria","USA","North America","130","325858.34116041","21"
"Lymantria","USA","North America","143","21678304.1630773","21"
"Lymantria","USA","North America","137","325858.34116041","21"
"Lymantria","USA","North America","112","55843737.5044386","21"
"Lymantria","USA","North America","126","20433009.9872285","21"
"Lymantria","USA","North America","133","325858.34116041","21"
"Lymantria","USA","North America","142","325858.34116041","21"
"Opuntia","ZAF","Africa","127","415300.498870483","118"
"Opuntia","ZAF","Africa","125","415300.498870483","118"
"Opuntia","ZAF","Africa","143","415300.498870483","118"
"Opuntia","ZAF","Africa","140","415300.498870483","118"
"Opuntia","ZAF","Africa","124","415300.498870483","118"
"Opuntia","ZAF","Africa","142","415300.498870483","118"
"Opuntia","ZAF","Africa","129","415300.498870483","118"
"Opuntia","ZAF","Africa","154","415300.498870483","118"
"Opuntia","ZAF","Africa","138","415300.498870483","118"
"Opuntia","ZAF","Africa","149","415300.498870483","118"
"Opuntia","ZAF","Africa","128","415300.498870483","118"
"Opuntia","ZAF","Africa","157","415300.498870483","118"
"Opuntia","ZAF","Africa","150","415300.498870483","118"
"Opuntia","ZAF","Africa","144","415300.498870483","118"
"Opuntia","ZAF","Africa","141","415300.498870483","118"
"Opuntia","ZAF","Africa","147","415300.498870483","118"
"Opuntia","ZAF","Africa","120","415300.498870483","118"
"Opuntia","ZAF","Africa","148","415300.498870483","118"
"Opuntia","ZAF","Africa","158","415300.498870483","118"
"Opuntia","ZAF","Africa","122","415300.498870483","118"
"Opuntia","ZAF","Africa","152","415300.498870483","118"
"Opuntia","ZAF","Africa","123","415300.498870483","118"
"Opuntia","ZAF","Africa","119","415300.498870483","118"
"Opuntia","ZAF","Africa","134","415300.498870483","118"
"Opuntia","ZAF","Africa","146","415300.498870483","118"
"Opuntia","ZAF","Africa","145","415300.498870483","118"
"Opuntia","ZAF","Africa","151","415300.498870483","118"
"Opuntia","ZAF","Africa","132","415300.498870483","118"
"Opuntia","ZAF","Africa","156","415300.498870483","118"
"Opuntia","ZAF","Africa","139","415300.498870483","118"
"Opuntia","ZAF","Africa","126","415300.498870483","118"
"Opuntia","ZAF","Africa","121","415300.498870483","118"
"Opuntia","ZAF","Africa","136","415300.498870483","118"
"Opuntia","ZAF","Africa","130","415300.498870483","118"
"Opuntia","ZAF","Africa","118","415300.498870483","118"
"Opuntia","ZAF","Africa","131","415300.498870483","118"
"Opuntia","ZAF","Africa","137","415300.498870483","118"
"Opuntia","ZAF","Africa","155","415300.498870483","118"
"Opuntia","ZAF","Africa","133","415300.498870483","118"
"Opuntia","ZAF","Africa","153","415300.498870483","118"
"Opuntia","ZAF","Africa","135","415300.498870483","118"
"Opuntia","ESP","Europe","26","6839.47096141581","13"
"Opuntia","ESP","Europe","31","919.650852141178","13"
"Opuntia","ESP","Europe","25","3844.26539299795","13"
"Opuntia","ESP","Europe","29","7075.58835049789","13"
"Opuntia","ESP","Europe","24","256177.744389854","13"
"Opuntia","ESP","Europe","32","10199.3900469061","13"
"Opuntia","ESP","Europe","30","7285.72631261025","13"
"Opuntia","ESP","Europe","28","2183.26709121153","13"
"Opuntia","ESP","Europe","23","20398.2185914804","13"
"Opuntia","ESP","Europe","22","8573.12922306215","13"
"Opuntia","ESP","Europe","27","6725.68587539905","13"
"Opuntia","FRA","Europe","128","11376.2588571199","126"
"Opuntia","ESP","Europe","0","140.458908205176","-51"
"Opuntia","ESP","Europe","141","4880.24432293074","125"
"Opuntia","ESP","Europe","140","352.139853421215","125"
"Opuntia","ESP","Europe","139","1448.88445720033","125"
"Opuntia","ESP","Europe","138","807.638722179764","125"
"Opuntia","ESP","Europe","144","3458.38948549631","125"
"Opuntia","ESP","Europe","143","1129.68117647059","125"
"Opuntia","ESP","Europe","142","28.9403229895144","125"
"Opuntia","FRA","Europe","129","23764.1658657684","126"
"Opuntia","KEN","Africa","0","12079.812360267","-53"
"Opuntia","KEN","Africa","1","12079.812360267","-53"
"Opuntia","KEN","Africa","2","12079.812360267","-53"
"Opuntia","ZAF","Africa","68","5207.31534632992","24"
"Opuntia","ZAF","Africa","72","5207.31534632992","24"
"Opuntia","ZAF","Africa","70","5207.31534632992","24"
"Opuntia","ZAF","Africa","73","5207.31534632992","24"
"Opuntia","ZAF","Africa","71","5207.31534632992","24"
"Opuntia","ZAF","Africa","75","5207.31534632992","24"
"Opuntia","ZAF","Africa","67","5207.31534632992","24"
"Opuntia","ZAF","Africa","79","5207.31534632992","24"
"Opuntia","ZAF","Africa","74","5207.31534632992","24"
"Opuntia","ZAF","Africa","78","5207.31534632992","24"
"Opuntia","ZAF","Africa","77","5207.31534632992","24"
"Opuntia","ZAF","Africa","69","5207.31534632992","24"
"Opuntia","ZAF","Africa","65","5207.31534632992","24"
"Opuntia","ZAF","Africa","63","5207.31534632992","24"
"Opuntia","ZAF","Africa","60","5207.31534632992","24"
"Opuntia","ZAF","Africa","61","57144.916895206","24"
"Opuntia","ZAF","Africa","66","5207.31534632992","24"
"Opuntia","ZAF","Africa","76","5207.31534632992","24"
"Opuntia","ZAF","Africa","62","5207.31534632992","24"
"Opuntia","ZAF","Africa","64","5207.31534632992","24"
"Parthenium","AUS","Oceania","34","326666.127699934","25"
"Parthenium","AUS","Oceania","36","326666.127699934","25"
"Parthenium","AUS","Oceania","32","326666.127699934","25"
"Parthenium","AUS","Oceania","30","326666.127699934","25"
"Parthenium","AUS","Oceania","35","326666.127699934","25"
"Parthenium","AUS","Oceania","51","44078.0254197345","25"
"Parthenium","AUS","Oceania","33","326666.127699934","25"
"Parthenium","AUS","Oceania","48","13404.7007092836","25"
"Parthenium","AUS","Oceania","28","326666.127699934","25"
"Parthenium","AUS","Oceania","56","6744106.99330332","25"
"Parthenium","AUS","Oceania","49","28585.7073868739","25"
"Parthenium","AUS","Oceania","50","59240.7196646619","25"
"Parthenium","AUS","Oceania","29","326666.127699934","25"
"Parthenium","AUS","Oceania","40","326666.127699934","25"
"Parthenium","AUS","Oceania","25","326666.127699934","25"
"Parthenium","AUS","Oceania","31","326666.127699934","25"
"Parthenium","AUS","Oceania","37","326666.127699934","25"
"Parthenium","AUS","Oceania","55","102485.529398232","25"
"Parthenium","AUS","Oceania","27","326666.127699934","25"
"Parthenium","AUS","Oceania","26","326666.127699934","25"
"Parthenium","AUS","Oceania","38","326666.127699934","25"
"Parthenium","AUS","Oceania","39","326666.127699934","25"
"Parthenium","AUS","Oceania","52","453370.051653127","25"
"Parthenium","AUS","Oceania","53","829067.920166327","25"
"Parthenium","AUS","Oceania","54","244251.226858504","25"
"Parthenium","IND","Asia","0","119.160278616015","-31"
"Parthenium","ZAF","Africa","111","125470.738178336","103"
"Parthenium","ZAF","Africa","121","40964.2140577954","103"
"Parthenium","ZAF","Africa","107","125470.738178336","103"
"Parthenium","ZAF","Africa","120","40964.2140577954","103"
"Parthenium","ZAF","Africa","113","209855.670177841","103"
"Parthenium","ZAF","Africa","112","125610.569117529","103"
"Parthenium","ZAF","Africa","116","40964.2140577954","103"
"Parthenium","ZAF","Africa","105","40964.2140577954","103"
"Parthenium","ZAF","Africa","118","40964.2140577954","103"
"Parthenium","ZAF","Africa","122","40964.2140577954","103"
"Parthenium","ZAF","Africa","114","40964.2140577954","103"
"Parthenium","ZAF","Africa","103","40964.2140577954","103"
"Parthenium","ZAF","Africa","115","40964.2140577954","103"
"Parthenium","ZAF","Africa","119","40964.2140577954","103"
"Parthenium","ZAF","Africa","106","125470.738178336","103"
"Parthenium","ZAF","Africa","104","40964.2140577954","103"
"Parthenium","ZAF","Africa","109","125470.738178336","103"
"Parthenium","ZAF","Africa","108","125470.738178336","103"
"Parthenium","ZAF","Africa","117","40964.2140577954","103"
"Parthenium","ZAF","Africa","110","125470.738178336","103"
"Pectinophora","USA","North America","22","45702.0622705332","0"
"Pectinophora","USA","North America","18","45702.0622705332","0"
"Pectinophora","USA","North America","0","45702.0622705332","0"
"Pectinophora","USA","North America","11","45702.0622705332","0"
"Pectinophora","USA","North America","21","45702.0622705332","0"
"Pectinophora","USA","North America","1","45702.0622705332","0"
"Pectinophora","USA","North America","7","45702.0622705332","0"
"Pectinophora","USA","North America","20","45702.0622705332","0"
"Pectinophora","USA","North America","5","45702.0622705332","0"
"Pectinophora","USA","North America","19","45702.0622705332","0"
"Pectinophora","USA","North America","10","45702.0622705332","0"
"Pectinophora","USA","North America","17","45702.0622705332","0"
"Pectinophora","USA","North America","16","45702.0622705332","0"
"Pectinophora","USA","North America","4","45702.0622705332","0"
"Pectinophora","USA","North America","6","45702.0622705332","0"
"Pectinophora","USA","North America","8","45702.0622705332","0"
"Pectinophora","USA","North America","25","45702.0622705332","0"
"Pectinophora","USA","North America","9","45702.0622705332","0"
"Pectinophora","USA","North America","30","45702.0622705332","0"
"Pectinophora","USA","North America","27","45702.0622705332","0"
"Pectinophora","USA","North America","15","45702.0622705332","0"
"Pectinophora","USA","North America","3","45702.0622705332","0"
"Pectinophora","USA","North America","12","45702.0622705332","0"
"Pectinophora","USA","North America","29","45702.0622705332","0"
"Pectinophora","USA","North America","23","45702.0622705332","0"
"Pectinophora","USA","North America","14","45702.0622705332","0"
"Pectinophora","USA","North America","26","45702.0622705332","0"
"Pectinophora","USA","North America","28","45702.0622705332","0"
"Pectinophora","USA","North America","13","45702.0622705332","0"
"Pectinophora","USA","North America","24","45702.0622705332","0"
"Pectinophora","USA","North America","2","45702.0622705332","0"
"Salvinia","LKA","Asia","8","27840.6800143644","0"
"Salvinia","LKA","Asia","2","76028.8282324527","0"
"Salvinia","LKA","Asia","7","27840.6800143644","0"
"Salvinia","LKA","Asia","1","76028.8282324527","0"
"Salvinia","LKA","Asia","25","27840.6800143644","0"
"Salvinia","LKA","Asia","18","27840.6800143644","0"
"Salvinia","LKA","Asia","27","27840.6800143644","0"
"Salvinia","LKA","Asia","14","27840.6800143644","0"
"Salvinia","LKA","Asia","15","27840.6800143644","0"
"Salvinia","LKA","Asia","3","103869.508246817","0"
"Salvinia","LKA","Asia","26","27840.6800143644","0"
"Salvinia","LKA","Asia","13","27840.6800143644","0"
"Salvinia","LKA","Asia","17","27840.6800143644","0"
"Salvinia","LKA","Asia","0","76028.8282324527","0"
"Salvinia","LKA","Asia","20","27840.6800143644","0"
"Salvinia","LKA","Asia","9","27840.6800143644","0"
"Salvinia","LKA","Asia","21","27840.6800143644","0"
"Salvinia","LKA","Asia","4","103869.508246817","0"
"Salvinia","LKA","Asia","24","27840.6800143644","0"
"Salvinia","LKA","Asia","12","27840.6800143644","0"
"Salvinia","LKA","Asia","6","27840.6800143644","0"
"Salvinia","LKA","Asia","19","27840.6800143644","0"
"Salvinia","LKA","Asia","5","103869.508246817","0"
"Salvinia","LKA","Asia","10","27840.6800143644","0"
"Salvinia","LKA","Asia","22","27840.6800143644","0"
"Salvinia","LKA","Asia","23","27840.6800143644","0"
"Salvinia","LKA","Asia","11","27840.6800143644","0"
"Salvinia","LKA","Asia","16","27840.6800143644","0"
"Salvinia","SEN","Africa","1","1423.45867208672","1"
"Salvinia","USA","North America","0","2045.20081314766","-23"
"Salvinia","ESP","Europe","0","279.162080057788","-28"
"Salvinia","ESP","Europe","1","53.6623873037158","-28"
"Solanum","ZAF","Africa","143","2033654.61614336","133"
"Solanum","ZAF","Africa","142","2033654.61614336","133"
"Solanum","ZAF","Africa","154","13539.0199004578","133"
"Solanum","ZAF","Africa","136","2033654.61614336","133"
"Solanum","ZAF","Africa","133","2020115.59624291","133"
"Solanum","ZAF","Africa","141","3504217.52417192","133"
"Solanum","ZAF","Africa","139","2033654.61614336","133"
"Solanum","ZAF","Africa","138","2033654.61614336","133"
"Solanum","ZAF","Africa","153","13539.0199004578","133"
"Solanum","ZAF","Africa","151","13539.0199004578","133"
"Solanum","ZAF","Africa","135","2033654.61614336","133"
"Solanum","ZAF","Africa","148","13539.0199004578","133"
"Solanum","ZAF","Africa","147","837650.109060657","133"
"Solanum","ZAF","Africa","144","2033654.61614336","133"
"Solanum","ZAF","Africa","140","2033654.61614336","133"
"Solanum","ZAF","Africa","152","13539.0199004578","133"
"Solanum","ZAF","Africa","145","2033654.61614336","133"
"Solanum","ZAF","Africa","146","2033654.61614336","133"
"Solanum","ZAF","Africa","137","2033654.61614336","133"
"Solanum","ZAF","Africa","134","2020115.59624291","133"
"Solanum","ZAF","Africa","149","13539.0199004578","133"
"Solanum","ZAF","Africa","150","13539.0199004578","133"
"Solanum","ECU","South America","2","75.89928382","-13"
"Solanum","ECU","South America","0","75.89928382","-13"
"Solanum","ECU","South America","1","75.89928382","-13"
"Solanum","ZAF","Africa","97","24647.9593059616","93"
"Solanum","ZAF","Africa","98","24647.9593059616","93"
"Solanum","ZAF","Africa","106","24647.9593059616","93"
"Solanum","ZAF","Africa","107","24647.9593059616","93"
"Solanum","ZAF","Africa","99","24647.9593059616","93"
"Solanum","ZAF","Africa","114","24647.9593059616","93"
"Solanum","ZAF","Africa","110","24647.9593059616","93"
"Solanum","ZAF","Africa","111","24647.9593059616","93"
"Solanum","ZAF","Africa","102","24647.9593059616","93"
"Solanum","ZAF","Africa","100","24647.9593059616","93"
"Solanum","ZAF","Africa","113","24647.9593059616","93"
"Solanum","ZAF","Africa","105","24647.9593059616","93"
"Solanum","ZAF","Africa","104","24647.9593059616","93"
"Solanum","ZAF","Africa","96","24647.9593059616","93"
"Solanum","ZAF","Africa","95","24647.9593059616","93"
"Solanum","ZAF","Africa","109","24647.9593059616","93"
"Solanum","ZAF","Africa","101","24647.9593059616","93"
"Solanum","ZAF","Africa","112","24647.9593059616","93"
"Solanum","ZAF","Africa","108","24647.9593059616","93"
"Solanum","ZAF","Africa","103","24647.9593059616","93"
"Solanum","USA","North America","0","2019.64513042041","-13"
"Solanum","USA","North America","6","9863917.63486424","6"
